-- Seed content from the design handoff.
-- Demo admin login: maria@example.bg / lovable2026 — CHANGE THIS AFTER FIRST DEPLOY.
-- Other seeded users have no password and cannot log in.

INSERT INTO users (id, email, username, name, password_hash, bio, role, created_at) VALUES
  (1, 'maria@example.bg', 'maria', 'Мария Иванова',
   '100000:WGFM2JdPXfn6+nnqDX98Ig==:R09iFa8EE+/XLkwueWVzkvvyCIitgOkLDOGKo6KrKLI=',
   'Билдвам малки инструменти за малкия бизнес.', 'admin', '2026-03-04 10:00:00'),
  (2, 'georgi.petrov@gmail.com', 'georgi', 'Георги Петров', NULL, '', 'moderator', '2026-03-12 09:00:00'),
  (3, 'iva.st@abv.bg', 'iva', 'Ива Стоянова', NULL, '', 'member', '2026-04-02 12:00:00'),
  (4, 'skolev@mail.bg', 'stoyan', 'Стоян Колев', NULL, '', 'member', '2026-04-18 15:00:00'),
  (5, 'd.ganev@outlook.com', 'dimitar', 'Димитър Ганев', NULL, '', 'member', '2026-05-06 11:00:00'),
  (6, 'elena.todorova@example.bg', 'elena', 'Елена Тодорова', NULL, '', 'member', '2026-05-21 17:00:00');

INSERT INTO posts (id, user_id, tag, title, slug, excerpt, body, base_votes, created_at) VALUES
  (1, 2, 'Ръководство',
   'Как свързах Supabase auth към Lovable за 10 минути',
   'kak-svarzah-supabase-auth-kam-lovable-za-10-minuti',
   'Стъпка по стъпка: създаване на проект, вход с имейл и Google, и най-честата грешка по пътя.',
   'Дълго отлагах истинската регистрация, защото звучеше сложно. Оказа се, че с правилния промпт Lovable свързва Supabase auth почти сам: 1) създадох Supabase проект, 2) описах точно кои методи за вход искам, 3) тествах с временен имейл. Единствената засечка беше с redirect URL-а — сложете точния адрес на проекта си в настройките на Supabase.',
   47, datetime('now', '-2 hours')),
  (2, 3, 'Дискусия',
   'Споделете най-добрите си промптове за UI',
   'spodelete-nay-dobrite-si-promptove-za-ui',
   'Събирам колекция от промптове, които дават наистина хубав дизайн. Ще ги подредя в общ документ.',
   'Едни и същи молби дават много различен резултат според формулировката. Нека съберем работещи промптове за UI — пишете вашите в коментарите, аз ще ги подредя в общ документ за всички.',
   35, datetime('now', '-5 hours')),
  (3, 4, 'Помощ',
   'Проблем с deploy към собствен .bg домейн',
   'problem-s-deploy-kam-sobstven-bg-domeyn',
   'DNS записите са по инструкцията, но сертификатът не се издава вече 6 часа. Някой с подобен опит?',
   'Купих домейн от български регистрар и следвах инструкцията за custom domain. A записът и CNAME са верни (проверих с dig), но SSL сертификатът виси на „pending“ от 6 часа. При вас колко време отне? Има ли особеност с .bg зоната?',
   11, datetime('now', '-8 hours')),
  (4, 5, 'Покажи',
   'Направих бюджетен трекер за семейството — фийдбек?',
   'napravih-byudzheten-treker-za-semeystvoto-fiydbek',
   'Две вечери работа: общ бюджет, категории на български и графика по месеци. Чакам критика.',
   'Жена ми искаше просто приложение за семейния бюджет без абонамент. Направих го за две вечери: разходи по категории, месечна графика и общ изглед за двама ни. Най-трудното беше да убедя AI-а да форматира сумите в евро. Какво бихте добавили?',
   26, datetime('now', '-1 day')),
  (5, 6, 'Ръководство',
   'Lovable + Stripe: приемане на плащания в евро',
   'lovable-stripe-priemane-na-plashtaniya-v-evro',
   'Настройка на Stripe за EUR, тестови карти и какво да напишеш в промпта, за да стане от първия път.',
   'След няколко неуспешни опита открих работеща последователност: първо създайте продуктите в Stripe ръчно, после опишете в промпта точните price ID-та. Тестовите карти на Stripe работят и за EUR. Внимавайте с валутата в checkout сесията — по подразбиране е USD.',
   40, datetime('now', '-1 day', '-3 hours')),
  (6, 1, 'Общност',
   'Кой ще идва на срещата в София на 15-ти?',
   'koy-shte-idva-na-sreshtata-v-sofia-na-15-ti',
   'Ще има демота и дискусия. Пишете, ако идвате — да знаем колко пици да поръчаме.',
   'На 15 юли сме в betahaus от 18:30. Програма: 3 демота на проекти от общността, дискусия за продажба на малки SaaS продукти и свободен networking. Пишете в коментарите, ако идвате!',
   18, datetime('now', '-2 days'));

-- One historical vote each from Мария so the totals match the design numbers
INSERT INTO votes (user_id, post_id) VALUES (1, 1), (1, 2), (1, 3), (1, 4), (1, 5), (1, 6);

INSERT INTO comments (post_id, user_id, body, created_at) VALUES
  (1, 3, 'Точно redirect URL-ът ме беше спрял и мен. Благодаря, че го спомена!', datetime('now', '-1 hour')),
  (1, 4, 'Работи ли ти входът с Google на custom домейн, или само на *.lovable.app?', datetime('now', '-40 minutes')),
  (2, 5, 'Моят любим: „използвай истинско съдържание, никакъв lorem ipsum, всичко на български“.', datetime('now', '-3 hours')),
  (2, 6, 'Аз винаги давам референция: „в стила на X, но с топли цветове“. Драстична разлика.', datetime('now', '-2 hours')),
  (3, 2, 'При мен .bg сертификатът отне около 12 часа. Изчакай до утре, преди да пипаш нещо.', datetime('now', '-6 hours')),
  (4, 1, 'Много чисто изглежда! Бих добавила експорт към CSV за годишната равносметка.', datetime('now', '-20 hours')),
  (5, 4, 'Точно това ми трябваше следващата седмица. Записвам си за валутата!', datetime('now', '-10 hours')),
  (6, 6, 'Идвам +1. Мога да покажа демо на резервационната система.', datetime('now', '-1 day'));

INSERT INTO events (slug, title, starts_at, is_live, place, description) VALUES
  ('lovable-meetup-sofia-yuli-2026', 'Lovable Meetup София', '2026-07-15 18:30:00', 1,
   '📍 betahaus, София · 18:30 – 21:00',
   'Демота на проекти от общността, networking и дискусия „Как продадох първия си SaaS, направен с Lovable“.'),
  ('workshop-ot-ideya-do-mvp-za-edin-uikend', 'Уъркшоп: От идея до MVP за един уикенд', '2026-07-22 19:00:00', 0,
   '💻 Zoom · 19:00 – 20:30',
   'Практическа сесия: структуриране на промптове, свързване на база данни и пускане на живо.'),
  ('lovable-hakaton-plovdiv-2026', 'Lovable Хакатон Пловдив', '2026-09-05 09:00:00', 1,
   '📍 Тютюневия град, Пловдив · цял ден',
   '24 часа билдване в екипи. Журито награждава най-полезния продукт за българския пазар.');

INSERT INTO news (slug, title, excerpt, body, featured, published_at) VALUES
  ('novi-vazmozhnosti-za-ekipna-rabota-v-lovable',
   'Нови възможности за екипна работа в Lovable',
   'Обобщихме последните подобрения за споделени проекти и как да ги използвате с вашия екип. Включва кратко видео на български.',
   'Обобщихме последните подобрения за споделени проекти и как да ги използвате с вашия екип. Включва кратко видео на български.',
   1, '2026-06-30 09:00:00'),
  ('tri-balgarski-proekta-v-svetovnata-lovable-vitrina',
   'Три български проекта в световната Lovable витрина',
   'Гордост! Разгледайте проектите на Ива, Стоян и екипа на „Пазарувай локално“ — и какво можем да научим от тях.',
   'Гордост! Разгледайте проектите на Ива, Стоян и екипа на „Пазарувай локално“ — и какво можем да научим от тях.',
   0, '2026-06-21 09:00:00'),
  ('obnoveni-tseni-i-kakvo-oznachavat-za-vas',
   'Обновени цени и какво означават за вас',
   'Разбивка на плановете в евро, кой план за какъв тип проект е подходящ и как да оптимизирате кредитите си.',
   'Разбивка на плановете в евро, кой план за какъв тип проект е подходящ и как да оптимизирате кредитите си.',
   0, '2026-06-12 09:00:00');

INSERT INTO courses (level, level_key, title, description, meta, sort) VALUES
  ('НАЧИНАЕЩИ', 'beginner', 'Основи на Lovable',
   'Първи проект, интерфейсът, как „говорим“ с AI и как да не се загубим.', '8 урока · ~1 час', 1),
  ('СРЕДНО НИВО', 'intermediate', 'Промпт инженерство за билдъри',
   'Как да описваш функционалност така, че да получиш точно каквото искаш.', '6 урока · ~45 мин', 2),
  ('НАПРЕДНАЛИ', 'advanced', 'Supabase: данни, auth и плащания',
   'Реална база данни, вход с имейл и Google, Stripe плащания в евро.', '10 урока · ~2 часа', 3);

INSERT INTO articles (title, meta, sort) VALUES
  ('Чеклист преди да пуснеш проекта си на живо', 'Статия · 5 мин четене', 1),
  ('Как да свържеш .bg домейн към Lovable проект', 'Ръководство · 8 мин четене', 2),
  ('10 грешки на начинаещия и как да ги избегнеш', 'Статия · 7 мин четене', 3),
  ('Речник: AI и no-code термини на български', 'Материал · постоянно обновяван', 4);

INSERT INTO reports (post_id, title, reason, reporter_id, reporter_name, status) VALUES
  (NULL, 'Продавам курс за Lovable — 50% отстъпка само днес!!!', 'Спам / реклама', 3, 'Ива Стоянова', 'pending'),
  (NULL, 'Re: Проблем с deploy — обиден коментар', 'Неуважително отношение', 2, 'Георги Петров', 'pending');
